Protein,Gene,Peptide,Residue.Both,Modifications,p,FC
Q15121,PEA15,YKDIIRQPSEEEIIK,S116,1xPhospho [S9(100)],0.004439873759587478,20.440708056373907
O75116,ROCK2,IQQNQSIR,S1374,1xPhospho [S6(100)],0.03932356633802932,18.236630257997117
P35611,ADD1,SPGSPVGEGTGSPPKWQIGEQEFEALMR,S358,1xPhospho [S4(95.9)],0.00087044579516788235,0.019514134254728654
P21333,FLNA,CSGPGLSPGMVR,S1459,1xCarbamidomethyl [C1];1xOxidation [M10];1xPhospho [S7(99.9)],0.001872402162115732,0.01574049060885423
P17252,PRKCA,STLNPQWNESFTFK,S226,1xPhospho [S10(99.8)],0.6720763640896613,0.6224468653420256
Q14847,LASP1,MGPSGGEGMEPERRDSQDGSSYR,S146,1xPhospho [S16(92.5)],0.035490052894013996,0.02439515287142604
P04049,RAF1,SASEPSLHR,S621,1xPhospho [S3(100)],0.9145816177581109,0.8278695084267091
Q13501,SQSTM1,SRLTPVSPESSSTEEK,T269,1xPhospho [T4(99.8)],0.853680737137028,0.7568981598064698
Q14155,ARHGEF7,MSGFIYQGKLPTTGMTITK,S518,2xOxidation [M1; M15];1xPhospho [S2(96.8)],0.37379358964620163,0.4523574489023918
Q8WX93,PALLD,SLPTPAVLLSPTKEPPPLLAKPK,S641,1xPhospho [S10(99.9)],0.9145816177581109,1.2089459474373496
P35579,MYH9,KGAGDGSDEEVDGK,S1943,1xPhospho [S7(100)],0.2752700763247324,0.1515806573237672
P23443,RPS6KB1,TPVSPVKFSPGDFWGR,S447,1xPhospho [S4(99.5)],0.7648383698678035,1.5512291248750405
P23443,RPS6KB1,TPVSPVKFSPGDFWGR,T444,1xPhospho [T1(93.9)],0.7648383698678035,1.5512291248750405
P02765,AHSG,HTFMGVVSLGSPSGEVSHPR,S330,1xOxidation [M4];1xPhospho [S13(99.4)],0.2895251762476603,0.24221442137762772
P35611,ADD1,SRSPGSPVGEGTGSPPK,S358,1xPhospho [S6(99)],0.3016604340616661,0.25720167633523155
Q9UK32,RPS6KA6,AYSFCGTVEYMAPEVVNR,S232,1xCarbamidomethyl [C5];1xOxidation [M11];1xPhospho [S3(98.6)],0.6365253128976165,1.8579685345964507
Q15418,RPS6KA1,AYSFCGTVEYMAPEVVNR,S221,1xCarbamidomethyl [C5];1xOxidation [M11];1xPhospho [S3(98.6)],0.6365253128976165,1.8579685345964507
P16615,ATP2A2,EFDELNPSAQRDACLNAR,S663,1xCarbamidomethyl [C14];1xPhospho [S8(100)],0.2624787485279178,3.085155287718913
P14618,PKM,TATESFASDPILYRPVAVALDTK,S100,1xPhospho [S8(98.7)],0.7374727994816077,1.597472425261906
P17661,DES,TSGGAGGLGSLR,S60,1xPhospho [S2(97)],0.7374727994816077,1.682561649220491
P02765,AHSG,HTFMGVVSLGSPSGEVSHPR,S330,1xPhospho [S13(99.4)],0.394117578793827,0.13469066367881116
P08238,HSP90AB1,IEDVGSDEEDDSGKDKK,S255,1xPhospho [S6(96.8)],0.9151869939828866,0.8450421667063059
P35611,ADD1,TPSFLKK,S726,1xPhospho [S3(100)],0.5928128948334178,0.39983762186044824
Q9UEY8,ADD3,TPSFLKK,S693,1xPhospho [S3(100)],0.5928128948334178,0.39983762186044824
P35612,ADD2,TPSFLKK,S713,1xPhospho [S3(100)],0.5928128948334178,0.39983762186044824
P27816,MAP4,DMSPLSETEMALGKDVTPPPETEVVLIK,T521,1xOxidation [M10];1xPhospho [T17(91.8)],0.3020967114021565,0.0552099469893508
P16615,ATP2A2,AFTGREFDELNPSAQRDACLNAR,S663,1xCarbamidomethyl [C19];1xPhospho [S13(100)],0.6557568298431014,2.0848678786792356
P49023,PXN,ISASSATR,S258,1xPhospho [S2(99.7)],0.7374727994816077,0.5997812478626898
Q15052,ARHGEF6,MSGFIYQGKIPIAGTVVTR,S488,1xPhospho [S2(100)],0.6365253128976165,0.46692999473321484
O95817,BAG3,SSTPLHSPSPIR,S291,1xPhospho [S9(93.8)],0.8549250839602165,1.335808366788181
O60504,SORBS3,SPADPIDLGGQTSPR,S563,1xPhospho [S13(99)],0.4309106949780795,7.906547972238665
P17661,DES,TFGGAPGFPLGSPLSSPVFPR,S32,2xPhospho [S16(92.5); S/T],0.8359092960356378,1.4039091941034316
O95817,BAG3,SSTPLHSPSPIR,S289,1xPhospho [S7(99.9)],0.853680737137028,1.353675427159524
Q96B36,AKT1S1,SLPVSVPVWGFK,S183,1xPhospho [S1(100)],0.6557568298431014,0.38672106105390663
P08670,VIM,LLQDSVDFSLADAINTEFK,S83,1xPhospho [S5(100)],0.5011374598873158,0.05501551469748964
P31323,PRKAR2B,RASVCAEAYNPDEEEDDAESR,S114,1xCarbamidomethyl [C5];1xPhospho [S3(100)],0.5419800009627166,0.03811171027931711
P35611,ADD1,AAVVTSPPPTTAPHK,S12,1xPhospho [S6(98)],0.37334958464775947,0.050943057032719036
P21333,FLNA,CSGPGLSPGMVR,S1459,1xCarbamidomethyl [C1];1xPhospho [S7(100)],0.6365253128976165,0.2829967057942243
P02511,CRYAB,APSWFDTGLSEMRLEK,S59,1xPhospho [S3(100)],0.7374727994816077,1.9338318255966411
P04792,HSPB1,QLSSGVSEIR,S82,1xPhospho [S3(99.7)],0.8739078402643606,1.2720092369038307
Q96B36,AKT1S1,LNTSDFQK,T246,1xPhospho [T3(97.8)],0.7363446927835682,0.4501688154998908
O15273,TCAP,SMSQEAQRG,S161,1xOxidation [M2];1xPhospho [S3(93.5)],0.8191079733567074,1.6521832843172184
P17612,PRKACA,GRTWTLCGTPEYLAPEIILSK,T198,1xCarbamidomethyl [C7];1xPhospho [T5(96.7)],0.8359092960356378,1.43285189189488
P08621,SNRNP70,YDERPGPSPLPHR,S226,1xPhospho [S8(100)],0.8359092960356378,0.6980782019291992
Q14155,ARHGEF7,MSGFIYQGKLPTTGMTITK,S518,1xPhospho [S2(100)],0.6365253128976165,0.3726231531755271
O15273,TCAP,SMSQEAQR,S161,1xPhospho [S3(100)],0.8359092960356378,1.503226199186246
Q9UKM9,RALY,GRLSPVPVPR,S135,1xPhospho [S4(100)],0.8191079733567074,0.615537527439793
P40763,STAT3,FICVTPTTCSNTIDLPMSPR,S727,2xCarbamidomethyl [C3; C9];1xPhospho [S18(100)],0.7374727994816077,2.0337937643459894
O15273,TCAP,SLSRSMSQEAQR,S157,1xPhospho [S3(99.7)],0.7374727994816077,1.9655944774227196
P04792,HSPB1,ALSRQLSSGVSEIR,S78,1xPhospho [S3(100)],0.8609026425408866,1.3483205651699852
P50552,VASP,KVSKQEEASGGPTAPK,S239,1xPhospho [S3(98.3)],0.7063257532841157,0.3735120575016774
O15273,TCAP,SLSRSMSQEAQRG,S157,1xOxidation [M6];1xPhospho [S3(98)],0.7374727994816077,2.3121888556752976
Q14315,FLNC,GSSYSSIPK,S2624,1xPhospho [S3(90.5)],0.8418045539766627,1.4182096764467569
Q9BZ23,PANK2,LGSYSGPTSVSR,S189,1xPhospho [S3(96.2)],0.8359092960356378,0.5500537338909419
Q9Y2V2,CARHSP1,GNVVPSPLPTR,S41,1xPhospho [S6(100)],0.7374727994816077,0.3292092977391504
O95817,BAG3,VPPAPVPCPPPSPGPSAVPSSPK,S377,1xCarbamidomethyl [C8];1xPhospho [S12(100)],0.8739078402643606,1.3333118291784092
Q15052,ARHGEF6,MSGFIYQGK,S488,1xPhospho [S2(100)],0.7374727994816077,0.45560429971290833
Q14155,ARHGEF7,MSGFIYQGK,S518,1xPhospho [S2(100)],0.7374727994816077,0.45560429971290833
P61978,HNRNPK,DYDDMSPR,S284,1xPhospho [S6(100)],0.8359092960356378,0.6406846635107736
O15273,TCAP,SMSQEAQRG,S161,1xPhospho [S3(100)],0.8418045539766627,1.491010708473034
Q13522,PPP1R1A,STLAMSPR,S67,1xOxidation [M5];1xPhospho [S6(100)],0.8942934324844268,1.277341192260641
O15273,TCAP,SLSRSMSQEAQRG,S157,1xPhospho [S3(95.9)],0.853680737137028,1.4220387975841733
Q04759,PRKCQ,TNTFCGTPDYIAPEILLGQK,T538,1xCarbamidomethyl [C5];1xPhospho [T3(95.4)],0.8739078402643606,1.338279211467986
P00558,PGK1,ALESPERPFLAILGGAK,S203,1xPhospho [S4(100)],0.8359092960356378,0.5868887152769703
P10412,H1-4,RKASGPPVSELITK,S36,1xPhospho [S4(100)],0.7708421085135022,0.43878203151432543
Q9UJU6,DBNL,AMSTTSISSPQPGK,S269,1xPhospho [S3(94.8)],0.8191079733567074,0.396514903670959
P08670,VIM,SSVPGVR,S73,1xPhospho [S2(90.6)],0.8359092960356378,0.5618738259895585
Q9UQ35,SRRM2,ELSNSPLRENSFGSPLEFR,S1318,1xPhospho [S3(95.1)],0.7967173129251167,0.4783720334432329
Q8WZ42,TTN,TIKPPPVEPEPTPIAAPVTVPVVGK,T11969,1xPhospho [T12(100)],0.8359092960356378,1.7068059096524713
Q13439,GOLGA4,VPSVESLFR,S71,1xPhospho [S3(99.8)],0.8359092960356378,0.5084267959987763
P27816,MAP4,DMSPLSETEMALGKDVTPPPETEVVLIK,T521,1xPhospho [T17(97.2)],0.8359092960356378,0.5190024420831053
P10412,H1-4,KASGPPVSELITK,S36,1xPhospho [S3(100)],0.8359092960356378,0.48172875439091584
P16403,H1-2,KASGPPVSELITK,S36,1xPhospho [S3(100)],0.8359092960356378,0.48172875439091584
Q9NSK0,KLC4,RAASLNYLNQPSAAPLQVSR,S590,1xPhospho [S4(100)],0.8359092960356378,0.37709437059673784
Q16643,DBN1,LSSPVLHR,S142,1xPhospho [S3(98.4)],0.8034436357163904,0.37842527061421416
Q8WX93,PALLD,SRDSGDENEPIQER,S1118,1xPhospho [S1(99.5)],0.8359092960356378,0.5966179988617326
P54296,MYOM2,RVSTQEDEEQENR,S76,1xPhospho [S3(92.2)],0.8470309101438511,1.5030005318667545
Q05469,LIPE,SVSEAALAQPQGPLGTDSLK,S855,1xPhospho [S3(91.8)],0.8017839743982333,0.13201777948901197
Q13177,PAK2,YLSFTPPEKDGFPSGTPALNAK,S141,1xPhospho [S3(99.3)],0.8470309101438511,0.6634423030156525
Q14155,ARHGEF7,MSGFIYQGKLPTTGMTITK,S518,1xOxidation [M1];1xPhospho [S2(99.9)],0.8418045539766627,0.6256697460826043
Q8WZ42,TTN,LRPGSGGEKPPDEAPFTYQLK,S12022,1xPhospho [S5(100)],0.8549250839602165,1.4743532524198006
P02511,CRYAB,APSWFDTGLSEMR,S59,1xOxidation [M12];1xPhospho [S3(100)],0.8739078402643606,1.3592446507264562
Q15019,SEPTIN2,IYHLPDAESDEDEDFKEQTR,S218,1xPhospho [S9(100)],0.8191079733567074,0.32819865484000693
Q9NSK0,KLC4,AASLNYLNQPSAAPLQVSR,S590,1xPhospho [S3(99.5)],0.8359092960356378,0.39057428519888143
O00168,FXYD1,TGEPDEEEGTFRSSIR,S83,1xPhospho [S14(90.4)],0.918387288029312,1.1578012316154676
P13639,EEF2,FTDTRKDEQER,T57,1xPhospho [T2(99.2)],0.8418045539766627,1.5970556753456093
P02545,LMNA,LSPSPTSQR,S392,1xPhospho [S4(98.5)],0.8359092960356378,0.5153760004050424
P09493,TPM1,AISEELDHALNDMTSI,S283,1xPhospho [S15(90.6)],0.9151869939828866,0.8360570471681809
P29692,EEF1D,ATAPQTQHVSPMR,S133,1xOxidation [M12];1xPhospho [S10(93.6)],0.9145816177581109,0.7980253495754667
P14618,PKM,LDIDSPPITAR,S37,1xPhospho [S5(99.9)],0.9148883456525845,1.2166852074051957
Q14195,DPYSL3,GSPTRPNPPVR,S522,1xPhospho [S2(99.8)],0.8732566802496673,0.7022359741724943
P09493,TPM1,AISEELDHALNDMTSI,S283,1xOxidation [M13];1xPhospho [S15(99.5)],0.8739078402643606,1.4371164742492393
P02545,LMNA,SGAQASSTPLSPTR,S22,1xPhospho [S11(98.4)],0.8359092960356378,0.5303278277511224
P02545,LMNA,LRLSPSPTSQR,S390,1xPhospho [S4(99.5)],0.8359092960356378,0.42790155635635435
Q14155,ARHGEF7,MSGFIYQGKLPTTGMTITK,S518,1xOxidation [M15];1xPhospho [S2(97.9)],0.8549250839602165,0.646892805157821
Q15052,ARHGEF6,MSGFIYQGK,S488,1xOxidation [M1];1xPhospho [S2(100)],0.8675222759866215,0.6592499539903085
Q14155,ARHGEF7,MSGFIYQGK,S518,1xOxidation [M1];1xPhospho [S2(100)],0.8675222759866215,0.6592499539903085
P08559,PDHA1,YHGHSMSDPGVSYR,S293,1xPhospho [S5(97)],0.857194573670915,0.6348463111860986
P29803,PDHA2,YHGHSMSDPGVSYR,S291,1xPhospho [S5(97)],0.857194573670915,0.6348463111860986
Q9NYF8,BCLAF1,STFREESPLR,S531,1xPhospho [S7(92.7)],0.8359092960356378,0.4782020134696699
P08559,PDHA1,YHGHSMSDPGVSYR,S295,1xPhospho [S7(99.7)],0.857194573670915,0.6306028536745103
P53602,MVD,RNSRDGDPLPSSLSCK,S96,1xCarbamidomethyl [C15];1xPhospho [S3(100)],0.8470309101438511,0.5750084956162954
Q16821,PPP1R3A,RGSDSSEDIYLDTPSSGTR,S46,1xPhospho [S3(100)],0.9148883456525845,1.2502596924492977
P27824,CANX,AEEDEILNRSPR,S583,1xPhospho [S10(100)],0.8876020923700036,0.73256237684051
Q9NYF8,BCLAF1,STFREESPLRIK,S531,1xPhospho [S7(98)],0.8418045539766627,0.5449432819921654
O00264,PGRMC1,EGEEPTVYSDEEEPKDESAR,S181,1xPhospho [S9(100)],0.8359092960356378,0.3219562571719785
P04792,HSPB1,GPSWDPFR,S15,1xPhospho [S3(100)],0.8739078402643606,0.6967886580195489
Q92597,NDRG1,TASGSSVTSLDGTR,S330,1xPhospho [S3(100)],0.8360308931662116,0.4117412100675314
Q9H2G2,SLK,RDSFIGTPYWMAPEVVMCETSK,S189,1xCarbamidomethyl [C18];1xPhospho [S3(94.8)],0.857194573670915,0.5053915282782586
P17661,DES,TFGGAPGFPLGSPLSSPVFPR,S32,1xPhospho [S16(98.7)],0.8739078402643606,1.4713546807095748
P23588,EIF4B,TGSESSQTGTSTTSSR,S422,1xPhospho [S3(99.3)],0.897551875141155,1.3454515178202733
Q14315,FLNC,ERLGSFGSITR,S2233,1xPhospho [S5(98.9)],0.918387288029312,1.1899743477716604
P21333,FLNA,RAPSVANVGSHCDLSLK,S2152,1xCarbamidomethyl [C12];1xPhospho [S4(100)],0.8549250839602165,0.37835086755335645
Q8IZP0,ABI1,TNPPTQKPPSPPMSGR,S183,1xPhospho [S10(99.7)],0.8549250839602165,0.49189140123178704
P14618,PKM,TATESFASDPILYRPVAVALDTK,S97,1xPhospho [S5(97.1)],0.9145816177581109,1.2952840042562317
Q9UPU5,USP24,VSDQNSPVLPK,S2047,1xPhospho [S6(99.6)],0.9332610368892782,1.1114366333960768
Q15418,RPS6KA1,AENGLLMTPCYTANFVAPEVLKR,T573,1xCarbamidomethyl [C10];1xPhospho [T8(100)],0.8942934324844268,1.3716459281466158
Q14315,FLNC,LGSFGSITR,S2233,1xPhospho [S3(99.9)],0.918387288029312,1.187324378570425
Q04637,EIF4G1,SFSKEVEER,S1185,1xPhospho [S1(99.3)],0.9260664317117928,0.8734075580656403
Q9BQA1,WDR77,KETPPPLVPPAAR,T5,1xPhospho [T3(100)],0.918387288029312,0.8516246898086169
P22059,OSBP,SLSELESLKLPAESNEK,S240,1xPhospho [S3(98.9)],0.9559560547982008,0.9402172711821167
P17661,DES,RTFGGAPGFPLGSPLSSPVFPR,S28,2xPhospho [S13(100); S/T],0.8942934324844268,1.4529430023985963
P26678,PLN,ASTIEMPQQAR,T17,1xOxidation [M6];1xPhospho [T3(97.3)],0.8739078402643606,1.5532660997907135
P08670,VIM,LRSSVPGVR,S73,1xPhospho [S4(98.1)],0.8621987582964109,0.4060015192363495
Q9Y2V2,CARHSP1,TFSATVR,S52,1xPhospho [S3(99.6)],0.8739078402643606,0.5786261472325
P56211,ARPP19,YFDSGDYNMAK,S62,1xOxidation [M9];1xPhospho [S4(100)],0.8739078402643606,0.5740763541446477
O43768,ENSA,YFDSGDYNMAK,S67,1xOxidation [M9];1xPhospho [S4(100)],0.8739078402643606,0.5740763541446477
P11717,IGF2R,LVSFHDDSDEDLLHI,S2484,1xPhospho [S8(97.9)],0.8797934288041315,0.6662785130739726
O94811,TPPP,RLSLESEGAGEGAAASPELSALEEAFRR,S32,1xPhospho [S3(99.9)],0.8741839849259198,0.5424015740281649
Q9Y613,FHOD1,TPQSPAPCVLLR,S498,1xCarbamidomethyl [C8];1xPhospho [S4(100)],0.918387288029312,1.224383324568493
O14558,HSPB6,RASAPLPGLSAPGR,S16,1xPhospho [S3(100)],0.918387288029312,1.213467935846767
P21796,VDAC1,LTFDSSFSPNTGKK,T107,1xPhospho [T11(96.6)],0.9148883456525845,1.348904441457945
P08559,PDHA1,YHGHSMSDPGVSYR,S300,1xOxidation [M6];1xPhospho [S12(95.9)],0.918387288029312,0.8343809669820014
P29803,PDHA2,YHGHSMSDPGVSYR,S298,1xOxidation [M6];1xPhospho [S12(95.9)],0.918387288029312,0.8343809669820014
Q9NR19,ACSS2,AELGMGDSTSQSPPIKR,S267,1xOxidation [M5];1xPhospho [S12(100)],0.9323677483165971,1.1279582793152703
O95425,SVIL,DSSFTEVPRSPK,S245,1xPhospho [S10(100)],0.943329047566695,1.1038360584571252
P08559,PDHA1,YGMGTSVER,S232,1xPhospho [S6(97.6)],0.9148883456525845,0.7277187898542932
P08670,VIM,SVSSSSYR,S7,1xPhospho [S3(99.9)],0.9080510244542024,0.3890323114191752
P17661,DES,TFGGAPGFPLGSPLSSPVFPR,S28,1xPhospho [S12(94.9)],0.9151869939828866,1.2947429501425574
P28482,MAPK1,VADPDHDHTGFLTEYVATR,T185,1xPhospho [T13(97.4)],0.9317109722346983,1.1499447249789272
P08559,PDHA1,YHGHSMSDPGVSYR,S293,1xOxidation [M6];1xPhospho [S5(100)],0.9186501181572219,0.8324939619962606
P29803,PDHA2,YHGHSMSDPGVSYR,S291,1xOxidation [M6];1xPhospho [S5(100)],0.9186501181572219,0.8324939619962606
O14737,PDCD5,KVMDSDEDDDY,S119,1xPhospho [S5(100)],0.9153298919471522,0.7531636211848263
Q00536,CDK16,RLSLPADIRLPEGYLEK,S119,1xPhospho [S3(100)],0.918387288029312,0.7511508130963852
P35579,MYH9,KGAGDGSDEEVDGKADGAEAKPAE,S1943,1xPhospho [S7(100)],0.9151869939828866,1.5666033130188788
P04792,HSPB1,ALSRQLSSGVSEIR,S82,1xPhospho [S7(97.3)],0.9151869939828866,0.5806536680290871
P26678,PLN,RASTIEMPQQAR,S16,1xOxidation [M7];1xPhospho [S/T],0.918387288029312,1.461378842599814
P21333,FLNA,APSVANVGSHCDLSLK,S2152,1xCarbamidomethyl [C11];1xPhospho [S3(100)],0.9260664317117928,0.8394552393884088
O15530,PDPK1,ANSFVGTAQYVSPELLTEK,S241,1xPhospho [S3(99.6)],0.9360351874277132,0.8909775713770656
Q9UKX2,MYH2,ADIAESQVNKLR,S1921,1xPhospho [S6(100)],0.9323677483165971,1.1453012787184342
P10644,PRKAR1A,TDSREDEISPPPPNPVVK,S83,1xPhospho [S9(100)],0.9285878718002663,0.8458714434178645
P10916,MYL2,GVLKADYVR,Y118,1xPhospho [Y7(100)],0.9323677483165971,0.873764692549837
O94875,SORBS2,RKSEPAVGPPR,S259,1xPhospho [S3(100)],0.9153298919471522,0.5513231000905578
P26678,PLN,RASTIEMPQQAR,S16,1xOxidation [M7];1xPhospho [S3(98.4)],0.918387288029312,1.4628222482790296
Q9UJY1,HSPB8,FGVPAEGRTPPPFPGEPWK,T87,1xPhospho [T9(100)],0.9267768448953354,1.2072885628578343
P17661,DES,RTFGGAPGFPLGSPLSSPVFPR,S32,1xPhospho [S17(96.5)],0.9186501181572219,1.3904759281379713
P16615,ATP2A2,EFDELNPSAQR,S663,1xPhospho [S8(100)],0.9343717468676939,1.1381462394737607
Q9UN36,NDRG2,TASLTSAASVDGNR,S332,1xPhospho [S3(99.6)],0.9237422153315287,0.7106595403834628
Q9GZV1,ANKRD2,KTSLDLR,S99,1xPhospho [S3(98.7)],0.9306529469753184,1.2364200560772778
P60174,TPI1,KQSLGELIGTLNAAK,S21,1xPhospho [S3(100)],0.946242582658096,1.09677707247175
P10916,MYL2,RAGGANSNVFSMFEQTQIQEFK,S15,1xOxidation [M12];1xPhospho [S7(98.4)],0.9237422153315287,0.7350278055749394
P27816,MAP4,DMSPLSETEMALGKDVTPPPETEVVLIK,T521,1xOxidation [M2];1xPhospho [T17(98.2)],0.9323677483165971,0.8489270146794359
Q9P270,SLAIN2,SGAVQGAGSLGPGSPVR,S48,1xPhospho [S14(100)],0.9237422153315287,2.0735860127710146
O94811,TPPP,AISSPTVSR,S160,1xPhospho [S4(90.3)],0.9323677483165971,0.839381850611656
P56211,ARPP19,YFDSGDYNMAK,S62,1xPhospho [S4(100)],0.9306529469753184,0.5792766885484719
O43768,ENSA,YFDSGDYNMAK,S67,1xPhospho [S4(100)],0.9306529469753184,0.5792766885484719
Q13555,CAMK2G,STVASMMHR,S280,1xPhospho [S5(100)],0.9343717468676939,1.1810408228179956
P10916,MYL2,AGGANSNVFSMFEQTQIQEFK,S15,1xPhospho [S6(94.5)],0.9323677483165971,0.7523015657982924
P26678,PLN,RASTIEMPQQAR,S16,1xPhospho [S3(91.6)],0.9343717468676939,0.8446827125438658
P08670,VIM,LRSSVPGVR,S72,1xPhospho [S3(99.7)],0.9323677483165971,0.48491170123631744
P27816,MAP4,KPTSAKPSSTTPR,T917,3xPhospho [T11(95.3); S/T],0.943329047566695,0.8704118398804424
Q8NE71,ABCF1,LSVPTSDEEDEVPAPKPR,S109,1xPhospho [S6(100)],0.9708634414675722,0.9614954053312224
P26678,PLN,ASTIEMPQQAR,T17,1xPhospho [T3(99.3)],0.9343717468676939,1.2143364015869749
P08670,VIM,TYSLGSALRPSTSR,S39,1xPhospho [S3(94.2)],0.9323677483165971,0.5909489030936675
O95644,NFATC1,KYSLNGR,S269,1xPhospho [S3(100)],0.9323677483165971,1.4552327619074252
Q8WWI1,LMO7,RGESLDNLDSPR,S1510,1xPhospho [S4(96.2)],0.9554263691278687,0.9271242403279681
P17661,DES,RTFGGAPGFPLGSPLSSPVFPR,S28,1xPhospho [S13(100)],0.943329047566695,1.1876766670168784
P26678,PLN,ASTIEMPQQAR,S16,1xPhospho [S2(90.7)],0.9467139193661543,0.8997618528346742
P04792,HSPB1,GPSWDPFRDWYPHSR,S15,1xPhospho [S3(100)],0.9549016876185819,0.9102495044215806
P08559,PDHA1,YHGHSMSDPGVSYR,S300,2xPhospho [S/Y],0.9436493522770473,0.8340852581979871
P29803,PDHA2,YHGHSMSDPGVSYR,S298,2xPhospho [S/Y],0.9436493522770473,0.8340852581979871
Q8WZ42,TTN,KLRPGSGGEKPPDEAPFTYQLK,S12022,1xPhospho [S6(100)],0.9465016441475961,0.8720950974854157
P16615,ATP2A2,AFTGREFDELNPSAQR,S663,1xPhospho [S13(100)],0.9711900044289247,0.9619308026582445
P10636,MAPT,IGSLDNITHVPGGGNK,S673,1xPhospho [S3(100)],0.9599282060117842,1.0802677805712086
P02511,CRYAB,APSWFDTGLSEMR,S59,1xPhospho [S3(99.9)],0.9554263691278687,1.1016821387217448
O60825,PFKFB2,NYSVGSRPLKPLSPLR,S483,1xPhospho [S3(95.6)],0.9467139193661543,1.2202928069179932
P17612,PRKACA,TWTLCGTPEYLAPEIILSK,T198,1xCarbamidomethyl [C5];1xPhospho [T3(98.5)],0.9689490427178254,1.0535082030421234
P61978,HNRNPK,DYDDMSPR,S284,1xOxidation [M5];1xPhospho [S6(100)],0.9637598645407977,0.9290262806272711
P08559,PDHA1,YGMGTSVER,S232,1xOxidation [M3];1xPhospho [S6(90.1)],0.9647931103782039,1.0660174078897398
P10916,MYL2,RAGGANSNVFSMFEQTQIQEFK,S15,1xPhospho [S7(100)],0.955074576765416,0.7911428278861217
P60709,ACTB,SYELPDGQVITIGNER,S239,1xPhospho [S1(100)],0.9637598645407977,1.0787357443469843
Q6JBY9,RCSD1,SQSDCGELGDFR,S179,1xCarbamidomethyl [C5];1xPhospho [S3(98)],0.9711900044289247,1.0449599935574656
Q9UQM7,CAMK2A,QETVDCLKK,T286,1xCarbamidomethyl [C6];1xPhospho [T3(100)],0.9637598645407977,0.8832193251924197
Q13557,CAMK2D,QETVDCLKK,T287,1xCarbamidomethyl [C6];1xPhospho [T3(100)],0.9637598645407977,0.8832193251924197
Q13522,PPP1R1A,STLAMSPR,S67,1xPhospho [S6(100)],0.981508546020808,0.9689476027698585
Q15418,RPS6KA1,AENGLLMTPCYTANFVAPEVLKR,T573,1xCarbamidomethyl [C10];1xOxidation [M7];1xPhospho [T8(100)],0.9711900044289247,0.9335296698390909
P07355,ANXA2,LSLEGDHSTPPSAYGSVK,S26,1xPhospho [S16(99.9)],0.9694470898777671,0.8661442428464068
Q9UPY8,MAPRE3,NMQTSGRLSNVAPPCILR,S176,1xCarbamidomethyl [C15];1xPhospho [S9(99.9)],0.9760291763618433,0.9494305687586858
O14558,HSPB6,ASAPLPGLSAPGR,S16,1xPhospho [S2(100)],0.9817304524793389,1.0402060707965721
O00571,DDX3X,FSGGFGAR,S594,1xPhospho [S2(100)],0.9831688557900525,1.03853239079555
O15523,DDX3Y,FSGGFGAR,S592,1xPhospho [S2(100)],0.9831688557900525,1.03853239079555
Q13586,STIM1,LIEGVHPGSLVEKLPDSPALAK,S575,1xPhospho [S17(99.6)],0.9867619127162417,1.021271616041886
Q02952,AKAP12,RPSESDKEDELDKVK,S627,1xPhospho [S3(96.4)],0.9911918922341515,0.9715592614219813
P10916,MYL2,AGGANSNVFSMFEQTQIQEFK,S15,1xOxidation [M11];1xPhospho [S6(99.4)],0.9911918922341515,1.0236295172629954
Q13555,CAMK2G,QETVECLR,T287,1xCarbamidomethyl [C6];1xPhospho [T3(100)],0.9911918922341515,0.9732556147951513
P26678,PLN,RASTIEMPQQAR,T17,1xPhospho [T4(98.5)],0.991401228586901,1.0138561989494344
Q9UQM7,CAMK2A,QETVDCLK,T286,1xCarbamidomethyl [C6];1xPhospho [T3(100)],0.992594174197997,1.0118552631942164
Q13557,CAMK2D,QETVDCLK,T287,1xCarbamidomethyl [C6];1xPhospho [T3(100)],0.992594174197997,1.0118552631942164
Q13554,CAMK2B,QETVECLKK,T287,1xCarbamidomethyl [C6];1xPhospho [T3(100)],0.9973921969327021,1.0026155517110757
